,"icon01_nx_[12, 1]","icon01_ny_[12, 1]","icon02_nx_[12, 1]","icon02_ny_[12, 1]","icon03_nx_[12, 1]","icon03_ny_[12, 1]","icon04_nx_[12, 1]","icon04_ny_[12, 1]","icon05_nx_[12, 1]","icon05_ny_[12, 1]","icon06_nx_[12, 1]","icon06_ny_[12, 1]","icon07_nx_[12, 1]","icon07_ny_[12, 1]","icon08_nx_[12, 1]","icon08_ny_[12, 1]","icon11_nx_[12, 1]","icon11_ny_[12, 1]","icon15_nx_[12, 1]","icon15_ny_[12, 1]",cluster_label,date
0,-0.96352028,0.575046705,0.202510668,-0.565929216,-2.361761341,-0.584274915,-1.361950502,-1.487768933,-0.848971591,-0.394618349,-0.92990273,1.501820782,-0.276850694,-0.332749063,-1.645209488,-0.10083413,-1.307788894,0.117795986,-0.859554894,0.502929132,0,2003/02
1,-0.962897733,0.767992844,-0.275605599,-0.512789952,-1.917262624,-0.197623505,-0.609913457,-1.366687323,-1.104215952,-0.173078225,-0.395134666,1.579378804,-0.458634482,-0.242412313,-1.515097119,0.204210552,-1.12476001,0.34363786,-0.681506388,0.638560778,0,2003/03
2,-0.921187069,0.952335483,-0.254438994,-0.463952437,-1.256117474,0.054788001,-0.162924552,-1.336448551,-1.338916255,0.096160715,0.040025843,1.568371385,-0.761192433,-0.090585843,-1.241176341,0.453712051,-0.776133566,0.49850086,-0.432487499,0.723710124,2,2003/04
3,-0.653491763,1.082273637,0.173873495,-0.502288621,-0.59808506,0.173465692,-0.112498227,-1.316458066,-1.25487238,0.348319177,0.467715784,1.470443311,-0.786094321,0.066301509,-0.868270555,0.627173793,-0.395134666,0.575932359,-0.33599268,0.789122028,2,2003/05
4,-0.202767574,1.12060982,0.394877759,-0.585413613,-0.143625588,0.19978228,-0.162302005,-1.286345816,-0.898775369,0.528107021,1.413987562,1.18020171,-0.429374763,0.150691722,-0.494742221,0.724848822,-0.011645577,0.575426271,-0.273737957,0.841881726,2,2003/06
5,0.284686901,1.059879232,0.330755396,-0.655380312,0.167025476,0.162837839,-0.378325891,-1.212330412,-0.456144294,0.617811161,2.219563668,0.726240565,0.062437543,0.135129508,-0.154831438,0.753442807,0.420402196,0.487113875,-0.084483602,0.856178719,1,2003/07
6,0.978204507,0.858203071,0.380559173,-0.735595297,0.256049729,0.107927266,-0.765550263,-1.059618288,0.054966976,0.603767212,2.896272499,0.134749942,0.408573798,0.049094509,0.137143209,0.722697947,0.849959779,0.311501258,0.196285195,0.813540785,1,2003/08
7,1.43017379,0.564671896,0.655725046,-0.871733031,0.194417554,0.065542376,-1.10919633,-0.837065987,0.313324073,0.537343132,3.165212899,-0.511398209,0.749107129,-0.105895013,0.465225596,0.625275962,1.242787076,0.056053222,0.506313712,0.707768344,1,2003/09
8,1.59390371,0.23786542,1.164346126,-1.111239288,0.041893484,0.054155391,-1.366308333,-0.562133555,0.297760393,0.473955581,3.102335629,-1.144894155,0.894160632,-0.290490696,0.823812796,0.454977272,1.405894449,-0.232543593,0.839999023,0.53418008,1,2003/10
9,1.507992193,-0.071481013,1.425193412,-1.403758286,-0.146115777,0.080978068,-1.454710038,-0.269361512,0.243598784,0.421575448,2.854561835,-1.727781277,0.872371479,-0.470658107,1.125125651,0.223568427,1.298816326,-0.499378614,1.056645457,0.31656214,1,2003/11
10,1.321228026,-0.342744306,1.255860568,-1.661863285,-0.311090791,0.141329089,-1.323352574,-0.003412145,0.278461429,0.362110081,2.475430577,-2.233742988,0.78023449,-0.632100253,1.282630098,-0.03997702,0.976959412,-0.700801731,1.006219132,0.109192487,1,2003/12
11,1.014312246,-0.551758746,0.457755029,-1.757767005,-0.393267024,0.218507545,-0.901888105,0.17700831,0.256049729,0.307072986,1.812417785,-2.604958707,0.608411457,-0.758622311,1.165591221,-0.279736321,0.595337965,-0.824666826,0.708019012,-0.037573101,1,2004/01
12,0.844356854,-0.652065434,-0.099798263,-1.715660464,-0.46928004,0.313070131,-0.756647838,0.257615513,0.193296969,0.256527423,1.517517165,-2.668649912,0.513286241,-0.825691654,0.711380767,-0.335646418,0.37010038,-0.901857933,0.375080758,-0.121343356,1,2004/02
13,0.478548106,-0.717338164,-0.960656563,-1.537264362,-0.471832484,0.466655258,-0.930027239,0.475144888,0.199148913,0.239737946,0.02601853,-2.640119187,0.1179065,-0.860510525,0.458751104,-0.483145834,0.268874202,-0.909563127,-0.21260382,-0.186843825,3,2004/03
14,-0.2406807,-0.616436822,-1.537322055,-1.377504959,-0.704851909,0.482875386,-1.044264655,0.683552022,-0.154208891,0.294952172,-0.93096106,-2.48721728,-0.115797727,-0.875123822,-0.024781323,-0.416177708,-0.137088842,-0.933349274,-0.448860491,0.002040955,0,2004/04
15,-0.598147315,-0.500605878,-1.569445491,-0.963157871,-0.411507658,0.564456809,-1.235137633,0.734970587,-0.367618079,0.322103806,-1.02745588,-2.383747541,-0.412130205,-0.802057334,-0.435786999,-0.263035409,-0.504391703,-0.873542297,-1.230904312,0.324431812,0,2004/05
16,-1.109258585,-0.28598651,-1.297081082,-0.614766731,-0.206627367,0.620493428,-1.546473499,1.087005562,-0.25966839,0.410302333,-2.323536942,-2.032408437,-0.576233653,-0.646789464,-1.006538293,-0.193929061,-0.725707241,-0.848048102,-1.617755156,0.665838934,0,2004/06
17,-1.057836184,-0.099897867,-1.057773929,-0.375412301,-0.125696228,0.753948895,-1.550084273,1.557553749,-0.153399579,0.457798714,-2.740830345,-1.78905591,-0.776756113,-0.487978976,-0.967940365,-0.043519638,-0.818591286,-0.427627955,-1.931269937,0.961634854,0,2004/07
18,-0.700743097,0.023132182,-0.843804449,-0.167447994,-0.30909864,0.811845389,-1.766481687,2.101219033,0.005163198,0.498867774,-2.867767724,-0.405334768,-0.797735954,-0.432903924,-0.242859615,-0.003677842,-0.878916112,-0.325587915,-1.820643296,1.241817952,0,2004/08
19,-0.556934689,0.209866088,-0.950384533,-0.09257224,-0.409515507,0.921615927,-1.391085712,2.21350736,0.075573289,0.452598657,-2.49660507,0.057369051,-0.770157113,-0.163373984,0.012197982,-0.009801509,-0.828240768,-0.132489949,-1.173318694,1.370541494,0,2004/09
20,-0.208495009,0.226402521,-1.336363811,0.248796926,-0.43460416,0.956839668,-1.145490833,2.310423256,-0.068172865,0.468983264,-2.17481041,0.606550698,-0.771153188,-0.023756892,0.17393575,-0.04462038,-0.637990337,-0.032499567,-0.516780393,1.642121092,2,2004/10
21,-0.044453815,0.238067855,-1.204570564,0.428217856,-0.457887426,1.110488056,-0.446992849,2.741939388,-0.185647525,0.468350653,-1.131109992,0.848827787,-0.837392213,0.110483012,0.166340674,-0.066622566,-0.387352825,0.033000903,0.402472836,1.562121195,2,2004/11
22,0.145423087,0.235360283,-0.663763792,0.49591981,-0.380504806,1.216260496,0.155134824,2.712649532,-0.121400652,0.554777871,-0.593913994,1.01105437,-0.900518501,0.332845529,0.049301796,-0.047618952,-0.019178398,0.07336144,1.244716973,1.138284952,2,2004/12
23,-0.149477532,0.287866937,-0.161866222,0.518617867,-0.202394046,1.218272197,0.507807826,2.615948723,-0.041278825,0.558181315,-0.694828899,1.117434117,-0.992157452,0.496501811,-0.083985564,-0.027286858,0.218385622,-0.047252039,1.978949167,0.726164651,2,2005/01
24,-0.270438457,0.247038269,0.405398807,0.484406303,-0.056842505,1.201077849,0.835827957,2.364675915,-0.113681067,0.556043092,-0.76405615,1.258658038,-0.907428775,0.704605293,-0.329891717,-0.02139093,0.285433958,-0.143206368,2.335481961,0.134484246,2,2005/02
25,-0.29328594,0.391450546,1.307407478,0.425383762,0.291099137,1.147230061,0.810241266,2.1950984,-0.304740809,0.556043092,-0.673537784,1.300536839,-0.806202597,0.777874217,-0.329580443,-0.005335281,0.58301153,-0.246612846,1.998932933,0.002395217,2,2005/03
26,-0.30449179,0.460265894,1.407388562,-0.110702851,0.53264746,1.125012788,0.706089116,1.998799427,-0.309472168,0.667698808,-0.624667827,1.299828316,-0.112373717,0.832013005,-0.524499979,0.244558437,0.520632298,-0.327789398,1.267937984,-0.408371297,2,2005/04
27,-0.255995362,0.490934841,1.034233757,-0.026641595,0.748235563,0.991025928,0.627523656,2.001949826,-0.104280603,0.610245142,0.347626425,1.28717611,0.116972679,0.770510633,-0.652495687,0.257299208,0.377944475,-0.430968137,0.321541697,-0.585982963,1,2005/05
28,-0.198160725,0.498349033,0.670292651,-0.400147363,0.647507422,0.801445276,0.684735746,1.816050966,0.136084879,0.590950528,0.440012433,1.223636732,0.32870099,0.69397744,-0.551269509,0.391210154,0.341712227,-0.544724119,-0.104218349,-0.642310583,1,2005/06
29,0.184394544,0.469375482,0.00821368,-0.418214713,0.659273565,0.660955183,0.661078952,1.67835701,0.325525999,0.610080663,1.371405332,1.016811124,0.52249994,0.579639456,-0.325907415,0.560990104,0.358645511,-0.564524822,-0.318872631,-0.517888791,1,2005/07
30,0.313261819,0.353304146,-0.686922549,-0.381434751,0.809805483,0.441161063,0.614014382,1.529933983,0.216206707,0.54312519,1.427185564,0.766208883,0.647756441,0.477131284,-0.278407062,0.592354923,0.432915395,-0.530363866,-0.252197824,-0.335406026,1,2005/08
31,0.796171699,0.225719302,-0.939116429,-0.369200068,0.773199706,0.303214063,0.613703108,1.422086581,0.638480488,0.526614061,1.309461884,0.444589811,0.708268031,0.371232321,0.019046001,0.588571913,0.445490849,-0.859004912,0.224797858,-0.312151272,1,2005/09
32,0.591913955,0.087380084,-0.961465874,0.18096845,0.80818686,0.154386166,0.618621231,1.206594211,0.721092504,0.314044351,0.962329553,0.248948752,0.693264643,0.150097068,0.327269131,0.520477741,0.404153713,-0.935158539,0.501644608,-0.459169904,1,2005/10
33,1.139568747,-0.138929922,-1.314512404,0.339854851,0.795300133,0.010834238,0.585875247,1.079844413,0.750663497,0.12699414,0.777059499,-0.012989865,0.690774454,0.017046471,0.59527571,0.455749056,0.368855286,-0.99521856,0.669421084,-0.592309066,1,2005/11
34,0.846224496,-0.374767039,-1.082364545,0.633082373,0.767596781,-0.106983102,0.54821114,1.048087377,0.804700596,-0.090573191,0.515216137,-0.190411747,0.481909861,-0.000502138,0.575727727,0.302935714,0.238867425,-0.938410156,0.510422524,-0.587817532,1,2005/12
35,0.395687071,-0.451679798,-1.009713284,0.78781885,0.126248633,-0.131300642,0.539744498,0.967492825,0.618309958,-0.204088782,0.456883463,-0.125328801,0.333805877,-0.147672596,0.590419842,0.218912415,-0.05902142,-0.981604787,0.354972482,-0.834130676,1,2006/01
36,0.162605391,-0.515307741,-0.503271118,0.861859559,0.004042613,-0.159299973,0.104521735,0.792791167,0.431545791,-0.255191041,0.121641784,-0.263161931,-0.00311668,-0.168700562,0.538623913,0.135736814,-0.27641491,-0.895392656,-0.154831438,-0.836256246,2,2006/02
37,-0.16659758,-0.475845511,0.05185424,0.82182798,-0.197662687,-0.111120374,-0.238999822,0.632740764,0.096304112,-0.339543298,0.256921295,-0.275194179,-0.054725845,-0.166119512,0.241108595,0.014187073,-0.4456855,-0.80501795,-0.673973567,-0.758837399,2,2006/03
38,-0.415429705,-0.408712907,0.367049899,0.754391723,-0.177492157,-0.142168887,-0.354420077,0.779379829,-0.017559775,-0.400324494,-0.165850524,-0.271234038,-0.31227363,-0.147887684,0.041955739,-0.052629226,-0.603314457,-0.740517005,-0.929093418,-0.387457201,2,2006/04
39,-0.62062127,-0.278218056,0.385975334,0.65440134,-0.275294325,-0.020606493,-0.384738127,0.944478463,-0.163235825,-0.298613412,-0.075767941,-0.194245366,-0.182348025,-0.111170982,-0.092452206,0.017008515,-0.673288765,-0.653330654,-1.459192378,-0.180378548,2,2006/05
40,-0.652557942,-0.21847434,0.216953763,0.574211659,-0.525558309,-0.021833757,-0.634753092,1.043557887,-0.082304687,-0.275409266,-0.036049428,-0.205025045,-0.020983785,-0.106692102,-0.081806649,0.045311499,-0.598707607,-0.458511989,-1.436095876,0.009531061,2,2006/06
41,-0.525371545,-0.161121891,0.963823666,0.50429557,-0.419289498,0.200731196,-0.231155727,1.070114867,0.304359393,-0.32137473,0.152146597,-0.22501553,0.018921492,-0.126859718,-0.031940616,0.039959616,-0.461435945,-0.417835147,-1.285314939,0.386402316,2,2006/07
42,0.503200976,-0.258417354,1.462297227,0.231564621,0.005038689,0.186421551,0.515465156,1.070114867,0.775378622,-0.503819538,0.577657624,-0.391050427,0.221685122,-0.170547784,0.043325343,0.015186597,-0.219763113,-0.341605607,-1.215651905,0.576653535,2,2006/08
43,0.795549152,-0.334014284,1.501953485,-0.227685146,0.229404708,0.132118283,0.983496158,1.023023357,0.883950857,-0.652343782,0.856621034,-0.495962518,0.363750398,-0.224737182,0.250820332,-0.022858586,0.065488024,-0.377449306,-0.64185013,0.647581801,1,2006/09
44,0.570187057,-0.484411054,1.697122039,-0.484714707,0.647320658,-0.100138259,1.339281896,0.633917419,1.031432294,-0.921038677,0.86197494,-0.802398943,0.22205865,-0.300447982,0.400667449,-0.077642637,0.191367072,-0.400792626,-0.337362284,0.651997421,1,2006/10
45,0.365680295,-0.493976122,0.883141546,-0.822642473,0.784343302,-0.345160877,1.383171475,0.416438653,0.853446043,-1.081582517,1.080302251,-0.833789066,0.159554909,-0.325271609,0.602185984,-0.175115231,0.180410241,-0.49482382,-0.120404577,0.658791655,1,2006/11
46,-0.504640722,-0.424566121,0.335362245,-0.865153884,0.903312076,-0.548089606,1.219130282,0.06430246,0.590170823,-1.092944198,0.572116954,-1.014804175,0.087152667,-0.433194925,0.558856698,-0.356687036,0.177671034,-0.538081711,0.181530826,0.577362059,3,2006/12
47,-0.574116992,-0.410420955,-0.003988246,-0.911195261,0.84192892,-0.71651577,1.083539497,-0.236921256,0.413305157,-1.307905175,0.424635517,-1.125194671,0.377197418,-0.518167139,0.508181354,-0.427476128,0.152644635,-0.552479922,0.700921974,0.366753441,3,2007/01
48,-0.425265951,-0.217677251,0.003669085,-0.921177852,0.457381501,-0.764265195,1.062248382,-0.362962531,0.082234544,-1.266772854,0.372279295,-1.185722823,0.567510104,-0.651534041,0.422767875,-0.554630797,0.282134457,-0.576810113,0.711318513,0.155701995,3,2007/02
49,-0.429437018,-0.11718078,0.014190133,-0.947620962,0.157313739,-0.819023942,1.057890551,-0.584439394,-0.401546902,-1.232928203,0.214588084,-1.201727864,0.459186887,-0.720728955,0.164659797,-0.586704138,0.398675297,-0.815784977,0.862161705,0.056546658,3,2007/03
50,0.091884026,-0.211515627,0.025582747,-0.959362209,-0.142006965,-0.811065704,0.924478681,-0.728510061,-0.919319427,-1.170413654,-0.364443088,-1.147981293,-0.046944004,-0.765290024,-0.013699983,-0.588703187,0.463420209,-0.892077778,0.725886118,-0.163766202,3,2007/04
51,0.221249339,-0.28225411,0.164161759,-0.916420622,-0.285441845,-0.768111466,1.113484018,-1.059441157,-1.101974782,-0.940029638,-0.711824438,-0.997432696,-0.118848208,-0.764606804,-0.076826271,-0.581883648,0.557798367,-0.992080813,0.871997951,-0.434536059,3,2007/05
52,0.556677782,-0.414861879,0.440323707,-1.095904814,-0.245972351,-0.702585692,1.309399629,-1.333740979,-1.380751428,-0.798577977,-0.937062023,-0.729712021,-0.288181053,-0.681140203,-0.099673754,-0.569231442,0.670915198,-1.116996041,1.040521484,-0.560880986,3,2007/06
53,0.861165629,-0.457056985,0.594528654,-1.21059706,-0.226237604,-0.650053733,1.308714827,-1.415613403,-1.06779694,-0.509120812,-0.511301977,-0.731103763,-0.473886889,-0.649610906,-0.029450427,-0.566156956,0.579898794,-1.251109423,0.699178842,-0.58040334,3,2007/07
54,1.225231245,-0.814684235,1.006530405,-1.38972699,0.104148207,-0.700801731,1.118153122,-1.594566202,-0.735854761,-0.367618542,-0.164231901,-0.747513674,-0.321487329,-0.540801936,0.068538505,-0.580795558,0.342085755,-1.286231946,0.547713102,-0.864660448,3,2007/08
55,1.260093889,-1.15071417,1.009705396,-1.63005564,0.156193154,-0.727573798,0.827485824,-1.811994359,0.273792325,-0.498632134,0.006408293,-0.773539262,-0.140699616,-0.526935118,0.231272349,-0.604885358,0.191242563,-1.326301482,0.51011125,-0.918584149,3,2007/09
56,0.97297511,-1.436223846,0.690276416,-1.597665993,0.334801952,-0.786811426,0.757262498,-2.079082424,0.695754832,-0.638881835,0.159368145,-0.839988647,0.136956445,-0.542623853,0.353478369,-0.677483715,-0.007100982,-1.32445426,0.306476054,-1.105052359,3,2007/10
57,0.819953003,-1.461211953,0.539682243,-1.779579408,0.287363854,-0.861699832,0.683054869,-2.191800926,0.663506886,-0.659783279,0.368170484,-0.912093568,0.412931629,-0.617373085,0.397616967,-0.819251681,-0.092887989,-1.303932382,-0.010275973,-1.071270969,3,2007/11
58,0.819703984,-1.776289835,-0.247715484,-1.804187948,0.233015482,-0.926782779,0.617438391,-2.285401945,0.726695429,-0.975759468,0.410067912,-1.011742341,0.503574504,-0.753219819,0.333992641,-0.884701542,-0.306359432,-1.29852989,-0.219265075,-1.026444204,3,2007/12
59,0.582513492,-1.834780982,-0.961403619,-1.532987917,-0.007287746,-0.921203156,0.424012969,-2.30281138,0.581019379,-1.026861727,0.583198294,-0.968357927,0.382862598,-0.841570173,0.27597124,-0.913460006,-0.435600235,-1.29852989,-0.630208497,-0.939434985,3,2008/01
60,0.466906473,-1.874711344,-2.216209801,-1.37251999,-0.206751876,-0.868557328,0.040835154,-2.405230986,0.028135191,-1.037565493,0.611586448,-1.177663368,0.10221831,-0.933399882,0.066048317,-0.919077585,-0.549837651,-1.210027711,-1.435597838,-0.721564,3,2008/02
61,-0.071596874,-1.892209344,-1.877481857,-0.813317797,-0.641601111,-0.842569697,-0.461435945,-2.35259781,-0.341844624,-0.989006327,0.713123899,-1.278349622,0.098981065,-0.946229219,-0.101977179,-0.910790391,-0.659281452,-1.008895595,-2.246154322,-0.327093527,3,2008/03
62,-0.411569912,-1.838045251,-1.693643662,-0.077136549,-0.800226143,-0.658935581,-0.998071651,-2.354369119,-0.479801088,-0.890787253,0.684299963,-1.499295092,0.024088634,-0.949657967,-0.200526404,-0.86972133,-0.810871701,-0.784053245,-2.277966485,0.274215207,0,2008/04
63,-1.07333761,-1.626373848,-1.605864504,0.348331829,-1.434601763,-0.340264473,-1.103842424,-2.103159572,-0.813050616,-0.741921399,0.382924853,-1.493993818,-0.000688746,-0.987019931,-0.30449179,-0.763063235,-1.100356159,-0.742756445,-2.834025664,0.860265381,0,2008/05
64,-1.964825232,-1.353604942,-1.502895193,0.731668361,-1.356160813,-0.204329174,-1.864595129,-2.106854016,-0.869764668,-0.570559924,-0.285441845,-1.455796809,0.369291069,-1.075129892,-0.363758286,-0.633504648,-1.488576607,-0.43890107,-2.82605706,1.286467586,0,2008/06
65,-2.078938138,-1.166871037,-1.091640498,0.922450973,-1.594720909,0.443767417,-1.664632962,-1.543628422,-0.963582535,-0.330889189,-0.829921646,-1.493563643,0.530219526,-1.068019352,-0.421219394,-0.614349208,-1.822635447,0.150792939,-2.665688895,2.054165479,0,2008/07
66,-3.445927329,-0.063737863,-0.782545802,1.004715615,-1.664197179,0.614205282,-1.994396225,-0.704799828,-1.364191672,-0.002286099,-1.602502749,-0.957565596,0.432604121,-1.029151776,-0.364567597,-0.523898589,-2.070596005,0.195012399,-2.547902961,2.163252798,0,2008/08
67,-4.512288466,1.186413943,-0.700743097,1.254837072,-1.671107453,0.973110405,-2.608788079,-0.227027231,-1.765734631,0.310084211,-2.212536772,-0.258101049,-0.483100588,-1.119475874,-0.555751849,-0.370364071,-3.119401311,1.190880171,-1.637863431,2.486681136,4,2008/09
68,-5.082603977,1.972824448,-0.798607521,1.417051003,-1.495549136,1.446657164,-2.735600948,0.079586325,-2.086408705,0.689169602,-2.686357463,0.686449377,-0.986679036,-0.916218187,-0.601944853,-0.259960923,-3.316250743,1.823401897,-1.564963151,3.357874072,4,2008/10
69,-5.448412724,2.44403055,-0.681319624,1.470544529,-1.223060217,1.550341991,-2.404966118,0.949716476,-2.25231754,1.010586238,-3.669359527,1.470962052,-2.676085434,-0.836319507,-1.074209176,-0.094596593,-3.325339932,2.966667868,-1.153770711,3.374043591,4,2008/11
70,-4.625156278,2.496575161,-0.092950244,1.554200914,-0.531098979,1.562045282,-2.50781092,1.104883128,-1.836206976,1.078490627,-4.041206983,3.110409578,-2.875674073,0.415198737,-1.015876501,0.119491382,-3.325339932,3.287084981,-0.194861224,3.406382629,4,2008/12
71,-3.159431097,3.066873338,0.78023449,1.280672876,-0.388784684,1.541207099,-1.003487811,1.493002194,-1.619062505,1.712884879,-3.95784791,3.670383556,-2.924730794,0.897020039,-1.075329761,0.275100862,-3.133719897,3.368160316,0.342334774,3.157994525,4,2009/01
72,-0.519021563,3.850247314,2.125870311,0.843804861,0.563463547,1.525809364,-0.186581346,1.563740677,-1.410446931,1.867785835,-3.335362942,3.577642887,-2.214902451,1.500757997,-0.975410932,0.503194828,-1.056093052,3.188916516,2.179222608,2.820205933,4,2009/02
73,2.067413127,3.862444041,2.215205838,0.19691023,0.683490652,1.451895178,0.661265716,1.45288205,-0.716680306,1.905084538,0.473318709,3.556576965,-1.903691095,1.574988488,-0.79979036,0.75696012,0.832715221,2.824912554,3.42269843,2.048864205,5,2009/03
74,2.616997815,3.92794451,2.222676404,-0.16622073,0.662199537,1.251092019,0.823314758,1.240211122,-0.441452179,1.829259869,1.281571768,3.554337524,-1.247775342,1.935475137,-0.716555797,0.787679676,3.040267671,2.298175921,4.585678896,1.718768155,5,2009/04
75,2.856803005,3.003296004,2.1283605,-0.676180538,0.720034174,1.158870091,1.09966347,1.007967232,0.478174578,1.956819408,2.329256489,3.281555967,-0.892300878,1.927782595,-0.244789512,0.915416346,3.598817039,2.124625614,4.6958075,0.212497747,5,2009/05
76,3.161726634,2.519020174,2.035538709,-0.860966004,0.572365972,1.093799796,1.165777985,0.821157413,0.670479415,1.93102156,1.495416739,3.143305314,-0.052546929,1.693855962,-0.058523383,0.944579681,3.545589252,1.153948383,4.164338936,-0.733849292,5,2009/06
77,3.064484758,1.801171972,0.562280707,-0.935462192,0.544724876,0.903662447,1.12867417,0.544466324,1.196531818,1.801209928,1.494171645,2.960506244,1.11205216,1.606998569,0.03616605,0.920995969,3.404022013,0.226301304,3.546585327,-1.562366338,5,2009/07
78,2.480659973,1.717768631,0.201576847,-1.081240908,0.453521708,0.753328937,1.138323652,0.400560135,1.547523942,1.650534809,1.195411233,2.422787496,1.166525042,1.507134708,-0.010400482,0.916390566,3.290656164,-0.449149357,2.89259947,-1.941502338,5,2009/08
79,1.452896764,1.043570539,0.118902576,-1.148563295,0.868636196,0.644039183,0.828108371,0.186067289,1.69699753,1.41910066,1.142432464,2.12735849,1.165466711,1.385711489,-0.113245283,0.897690606,2.326579536,-1.071650535,2.30553744,-2.345449314,1,2009/09
80,1.126868783,0.598807548,0.168146061,-1.167680778,0.859920535,0.42095549,0.637297648,0.022879138,1.676079943,0.876523466,0.956788882,1.96348712,1.102340423,0.856672155,-0.281084015,0.922855843,2.103769885,-1.481746483,1.661823612,-2.419793675,1,2009/10
81,0.934626201,0.363438563,0.114171217,-1.199108857,0.883079291,0.222214641,0.56059983,-0.171990136,1.706958285,0.502309174,0.772079121,1.444202637,0.977644214,0.820714586,-0.318374593,0.969846136,1.51863775,-1.707879358,0.07096644,-2.453676282,1,2009/11
82,0.937054135,0.176932397,0.368606267,-1.331033407,0.842551467,0.09183366,0.636986374,-0.168865041,1.533018591,0.200579369,0.546218989,1.420922578,0.912089992,0.728707745,-0.307293253,1.026932888,1.008522556,-1.985532015,-0.345019614,-2.433116448,1,2009/12
83,1.08173411,0.114797414,0.760811017,-1.463350176,0.86658179,-0.125430018,0.6524878,-0.327852659,1.369226417,-0.082210083,0.74319293,1.426831158,1.038716097,0.728707745,0.048367975,0.995833766,0.965566798,-2.044440685,-0.740399355,-2.341134912,1,2010/01
84,1.159054475,-0.307128346,0.685856331,-1.529128994,0.731426788,-0.216804249,0.653919659,-0.452654018,1.10414581,-0.219904039,1.31139178,1.334634534,1.085967431,0.466933606,0.110933971,0.961457723,0.699054332,-2.382039493,-0.843244156,-2.223153092,1,2010/02
85,1.177544127,-0.475073726,0.762678658,-1.567047655,0.655289263,-0.361722614,0.494672079,-0.60965524,1.053843994,-0.505451673,1.455698226,1.091952574,1.116659009,0.018374953,0.739831175,0.931421387,0.645453016,-2.40582564,-0.978772687,-2.162371895,1,2010/03
86,1.045128333,-0.784926247,-0.067239044,-1.532785481,0.058328731,-0.398679708,0.17735976,-0.575279196,0.52816512,-0.651432823,1.41672677,0.618975164,0.971730016,-0.184528472,0.728127288,0.544769977,0.591104644,-2.589548321,-0.53309113,-2.09270885,3,2010/04
87,1.046995975,-0.883803236,-0.791884011,-1.45809951,0.118093264,-0.424679991,-0.169025515,-0.568801267,0.424448752,-0.733153421,2.040581342,0.125096309,0.827485824,-0.403057371,0.727878269,0.538734874,0.440074688,-2.628517115,-0.341035312,-2.000929749,3,2010/05
88,0.488944645,-1.016259178,-0.853329421,-1.337448076,0.015435227,-0.465002571,-0.555876359,-0.516471744,0.463918246,-0.819137812,1.764543903,-0.222497741,0.364372946,-0.487333714,0.531215601,0.392260287,0.212284659,-2.658970974,-0.110257057,-1.940287727,3,2010/06
89,0.092444319,-0.997192304,-1.448173292,-1.104938489,0.197219016,-0.474365203,-1.296334025,-0.355548338,0.451218283,-0.939650072,1.448289914,-0.472049849,-0.170332864,-0.476604643,0.170138212,0.338728805,0.068912034,-2.694612238,-0.248960578,-1.866765758,3,2010/07
90,-0.150971645,-1.001785055,-1.799787964,-0.502136795,0.274414872,-0.452982975,-0.918945899,-0.120128744,0.553067009,-1.029645212,1.106013452,-0.82589409,-0.21366215,-0.461168952,-0.177616666,0.280731093,-0.19797396,-2.663082941,-0.32914466,-1.792712398,3,2010/08
91,-0.143750097,-1.018713706,-1.779243905,-0.195763631,0.351174944,-0.565638216,-0.635437894,0.114126847,0.163165683,-1.024483112,0.932571795,-0.995901779,-0.415242941,-0.445163912,-0.401733666,0.355948457,-0.393516043,-2.628795463,-0.442012472,-1.745241322,3,2010/09
92,0.019108256,-0.98190844,-1.64825997,0.205880643,0.383671909,-0.704078652,-0.343400992,0.133345547,-0.035177862,-0.996407867,1.052661155,-1.313257058,-0.444689425,-0.274435046,-0.32136282,0.420689794,-0.464299662,-2.527780252,-0.573058662,-1.589125754,3,2010/10
93,-0.004237265,-1.010730164,-1.182221119,0.377267424,0.427935017,-0.715326463,0.300748619,0.155461603,-0.197289159,-0.967029446,1.167085334,-1.518627663,-0.219949877,-0.20419,-0.178052449,0.505333051,-0.428752216,-2.480878525,-0.566023878,-1.541022067,3,2010/11
94,0.305728997,-1.082733868,-0.704914164,0.513354549,0.366240587,-0.826007959,0.51577643,-0.031727782,-0.247155191,-0.915712099,1.197714657,-1.513149258,0.039901333,-0.21193315,0.005474472,0.513885942,-0.392084184,-2.417680757,-0.931396843,-1.305096385,3,2010/12
95,0.368481757,-1.154813484,-0.480734909,0.615837417,0.240797322,-0.875300953,0.804078049,-0.129478724,-0.241054228,-0.888168247,0.905055208,-1.938086243,0.079744355,-0.24491745,0.22218316,0.464896601,-0.434728669,-2.267739466,-1.261284616,-1.17595532,3,2011/01
96,0.236003708,-1.214367417,-0.503333373,0.750950323,-0.02540387,-0.891242733,0.749107129,-0.328662401,-0.184091157,-0.826792396,0.242851728,-1.878785354,0.334490679,-0.26579359,0.712003314,0.236132068,-0.549152849,-2.175859147,-1.603623334,-0.737189474,3,2011/02
97,0.168083806,-1.263470628,-0.045947929,0.863833303,-0.188760262,-0.860877439,0.687661718,-0.517395355,-0.009093133,-0.85715769,-0.34483285,-1.883049147,0.41834779,-0.378828397,0.802895209,0.105181737,-0.554631264,-2.077893117,-1.489385919,-0.432802707,3,2011/03
98,0.041644465,-1.261838493,0.346941623,0.692104913,-0.188884771,-0.842810089,0.591851701,-0.625078279,0.126497652,-0.86352175,-0.463241332,-1.819965249,0.50787008,-0.450262751,0.626091798,-0.102415656,-0.558366547,-2.114242904,-1.345079472,-0.087675836,3,2011/04
99,-0.108762943,-1.233383683,0.407515468,0.667268633,-0.169399043,-0.835522418,0.638293723,-0.817455068,0.141687804,-0.867747586,-0.378388145,-1.759791358,0.519885242,-0.521444061,0.599820305,-0.196725198,-0.61825559,-1.958481599,-1.000063802,0.159409091,3,2011/05
100,-0.038166088,-1.198311768,0.249263964,0.477548807,-0.209366575,-0.833624587,0.552880244,-0.942926993,0.136831936,-0.915243967,-0.314888329,-1.71345898,0.537067545,-0.689414745,0.54385331,-0.310354659,-0.637865828,-1.879215529,-0.597524768,0.282641576,3,2011/06
101,-0.357719578,-1.167478342,0.026329804,0.485279305,-0.340039237,-0.745476669,0.545783206,-0.910980174,0.171943599,-0.89587344,-0.256431145,-1.702527475,0.027637153,-0.697259113,-0.084296838,-0.326979657,-0.737909166,-1.715799639,-0.606489448,0.422182754,3,2011/07
102,-0.415429705,-1.169768392,-0.280274703,0.511532632,-0.347509803,-0.631277859,-0.155765259,-0.970572063,-0.134972182,-0.89587344,-0.091456131,-1.687597872,-0.255372814,-0.725245792,-0.342778444,-0.293894139,-0.761254687,-1.502356926,-0.345206379,0.609119095,3,2011/08
103,-0.644215809,-1.032656437,-0.039099909,0.57547688,-0.297394752,-0.607403147,-0.536141612,-0.842088913,-0.348443624,-0.837192509,-0.395072411,-1.609090935,-0.414184611,-0.577050505,-0.418355677,-0.201368558,-0.732119477,-1.415170576,-0.243419908,0.660512355,0,2011/09
104,-0.622986949,-1.040753849,0.12581285,0.712082746,-0.339852472,-0.586552312,-1.09126697,-0.628367852,-0.340537274,-0.751499119,-0.771962499,-1.498447395,-0.631266827,-0.479944826,-0.262283089,-0.121014398,-0.669677991,-1.240747266,0.011948963,0.629362625,0,2011/10
105,-0.534585244,-0.856904646,-0.388722429,0.736450895,-0.194861224,-0.427552041,-0.907677794,-0.490964897,-0.186456837,-0.757104046,-0.601758089,-1.467930274,-0.820458928,-0.311670488,-0.059083675,-0.052528008,-0.614084524,-1.066754132,0.161484806,0.610852448,0,2011/11
106,-0.308351583,-0.640248273,-0.891118038,0.836504538,-0.123392803,-0.397161443,-0.870387215,-0.365923147,0.29508344,-0.806751302,-0.635624658,-1.399355319,-0.427569376,-0.226432577,0.062064014,-0.091129888,-0.670736321,-0.86673541,0.097549206,0.484418955,0,2011/12
107,-0.076203724,-0.614032903,-1.592043955,1.075023923,-0.058834656,-0.441127858,-0.532468583,-0.219081646,0.24683603,-0.795225143,-0.839322109,-0.925973038,-0.275169816,-0.184351341,0.210603782,-0.123152621,-0.683436284,-0.782003588,-0.05902142,0.437846185,0,2012/01
108,0.177920052,-0.681962596,-1.601382164,1.440255148,-0.125571718,-0.418429801,-0.124264369,-0.177620367,0.099603612,-0.844847094,-0.744134639,-0.880981794,-0.328771132,-0.142067669,0.403904694,-0.14643268,-0.708338173,-0.703155041,0.352295529,0.34237264,0,2012/02
109,0.223366,-0.685707649,-1.274669382,1.72544852,-0.212230292,-0.376614261,0.250571313,-0.254900041,-0.636994262,-0.759330835,-0.876301414,-0.347779884,-0.319059395,-0.069127702,0.552631226,-0.310013049,-0.772709556,-0.404727462,0.384667985,0.331314612,2,2012/03
110,-0.120093303,-0.605657143,-1.153272673,1.710632787,-0.237630219,-0.36708715,0.057581674,-0.265654416,-0.981138366,-0.573457279,-0.835213297,-0.453387846,-0.176371572,-0.044557119,0.561097868,-0.375893085,-0.901327812,-0.283898896,0.386597881,0.228110569,2,2012/04
111,-0.425577225,-0.574861674,-0.633881526,1.928933946,-0.015941153,-0.375804519,0.131104501,-0.282089631,-1.107266433,-0.321906123,-0.764678697,-0.485043665,-0.01089852,0.038251568,0.286181014,-0.423958815,-1.05659109,-0.118610479,-0.062196411,0.278099434,2,2012/05
112,-0.677895614,-0.496139649,-0.273986976,2.145893972,0.00360683,-0.377145653,0.002361736,-0.288213298,-1.26595372,-0.007018024,-0.705038673,-0.164234334,-0.218829292,0.058811403,-0.064873364,-0.46471157,-1.147918767,0.005672138,-0.308351583,0.319206451,2,2012/06
113,-0.621617345,-0.300017807,0.127867256,2.104078431,-0.090024272,-0.352904027,-0.217895472,-0.276181051,-1.179481911,0.252757066,-0.677397576,-0.238679913,-0.255248305,0.095490148,-0.448362453,-0.3957697,-1.772022357,0.195012399,-0.665008887,0.440642323,2,2012/07
114,-0.48826773,-0.248194371,0.500773042,2.052318257,-0.242486087,-0.326460917,-0.415678724,-0.280014669,-0.960656563,0.366171439,-0.553510679,0.089606872,-0.24055619,0.208853912,-0.611220807,-0.273410218,-1.667807952,0.610789187,-0.62734478,0.540746575,2,2012/08
115,-0.331572594,-0.177202845,0.831905909,1.75533303,-0.216837141,-0.283392808,-0.387788609,-0.127353154,-0.743947874,0.576602926,-0.164294156,0.056116483,-0.223124868,0.329416781,-0.937248787,-0.081147298,-0.856877941,0.851434141,-0.475505512,0.594227449,2,2012/09
116,0.080740431,-0.221624739,1.246024322,1.621991433,-0.196666611,-0.230683719,-0.729131251,0.073437353,-0.707279843,0.665547933,-0.10502766,0.081382938,0.045566513,0.296192089,-1.038599475,-0.010181075,-0.820521183,0.950058086,-0.07377579,0.596378324,2,2012/10
117,0.220066499,-0.257012959,1.466406039,1.35663672,-0.220261151,-0.167169645,-0.648449131,0.186535421,-0.459879577,0.786452412,-0.093074753,0.112203712,0.146045635,0.284185145,-1.067859194,0.40099031,-0.333564745,1.052060169,0.257232569,0.564127851,2,2012/11
118,0.26252422,-0.283671157,1.263704663,1.043165668,-0.301130035,-0.162096111,-0.564405256,0.289018288,-0.303246696,0.807796683,-0.117789878,0.202844114,0.252687974,0.253414981,-1.158688834,0.573439875,0.001116641,1.022782965,0.470828521,0.448398125,2,2012/12
119,0.080740431,-0.307786261,1.299999166,0.711045265,-0.336490717,-0.025110678,-0.109011962,0.383277221,-0.073900299,0.921843667,-0.058710147,0.246544833,0.37788222,0.160231485,-0.738469459,0.720369941,0.19647196,0.999996342,0.592411993,0.421474231,2,2013/01
120,-0.335432387,-0.195459978,1.72152589,0.285576888,-0.27641491,0.033405774,0.078686025,0.383277221,-0.021606332,0.867616313,-0.052858203,0.218406327,0.491310324,0.08139559,-0.465544757,0.681565626,0.344326925,0.934622395,0.639414308,0.206918124,2,2013/02
121,-0.43236299,-0.117674216,1.935806644,-0.273131869,-0.370419541,0.071716653,0.099852631,0.383277221,0.150776994,0.842286597,-0.195981809,0.171985384,0.24011252,0.022132658,0.059324807,0.665737716,0.3835474,0.812186999,0.558296405,0.28432432,2,2013/03
122,-0.417172837,-0.080451427,1.682803453,-0.658037275,-0.160745637,0.055370003,0.09667764,0.391007719,0.239801246,0.759667692,-0.324600065,0.240572992,-0.027147003,0.005368486,0.626154053,0.623909524,0.457941793,0.691725347,0.52698228,-0.065648346,2,2013/04
123,-0.408706195,0.0301162,1.629388901,-0.965928704,-0.120529086,0.254920593,-0.217272924,0.442198544,0.331191179,0.642154005,-0.234392973,0.322129111,-0.142629512,0.023967228,0.59988256,0.535938737,0.569875784,0.572351785,0.526110714,-0.23579521,1,2013/05
124,-0.173134326,0.071653392,0.882207725,-1.168199518,-0.110257057,0.232678015,-0.263154655,0.44309685,0.778864886,0.507230882,-0.263216909,0.351241836,-0.324724575,0.074892357,0.633998148,0.282097531,0.575789982,0.448878909,0.371345474,-0.25512778,1,2013/06
125,-0.111315387,0.072235393,0.591851701,-1.276198747,-0.111128623,0.182119801,-0.267014447,0.449587432,0.665499037,0.346117693,-0.22710917,0.366943224,-0.387601844,0.181335364,0.584381134,0.180955798,0.577035077,0.378988124,0.174496043,-0.331838104,1,2013/07
126,0.166651948,0.067794469,0.463295699,-1.389031119,-0.128933473,0.210093828,-0.159064759,0.459861023,0.621858477,0.250340495,0.091821772,0.344903081,-0.284881553,0.266838971,0.485396126,-0.004209234,0.597952663,0.181221494,0.196222941,-0.372122728,1,2013/08
127,0.227039028,0.008139319,0.063744892,-1.377403742,-0.152590268,0.224643865,-0.150100079,0.482622341,0.426814432,0.093351925,0.060569901,0.343966818,-0.207187659,0.29528113,0.499652457,-0.096038944,0.625157977,0.134092028,0.297947157,-0.567763786,1,2013/09
128,0.347252897,0.004065308,-0.096872292,-1.390460818,-0.102537471,0.221240421,-0.132544247,0.650694244,0.289791788,0.072804743,-0.05902142,0.356353327,0.032804295,0.296280654,0.466532945,-0.149178209,0.546779282,-0.094014591,0.414612506,-0.572862625,1,2013/10
129,0.386909155,-0.089725493,-0.781176198,-1.425039296,0.023590596,0.2179635,-0.018991634,0.673898389,-0.013326454,0.010024497,0.031994983,0.355075455,0.04394789,0.264675444,0.41492378,-0.27451096,0.222618943,-0.13472939,0.440012433,-0.691502359,1,2013/11
130,0.316748083,-0.215589637,-1.262093928,-1.005694587,0.033613606,0.208550259,0.030998908,0.629666278,-0.155018202,0.062885413,0.040150352,0.326279034,0.144862795,0.237371984,0.445304084,-0.32309543,-0.035302371,-0.144205892,0.492368654,-0.696462024,1,2013/12
131,0.227972849,-0.246309193,-1.351927492,-0.733823988,-0.062196411,0.245342873,0.361322464,0.536217085,-0.107082066,0.091998139,-0.039037655,0.326633296,0.355159247,0.200212455,0.447856528,-0.432461097,-0.183842139,-0.103984529,0.399858137,-0.873668819,1,2014/01
132,0.05621207,-0.29825915,-1.374401447,-0.554099404,-0.146240286,0.260285129,0.431981574,0.506712141,-0.082491451,0.086873995,-0.011147539,0.329682477,0.38460573,0.148237194,0.420962488,-0.507033198,-0.353984294,0.008189927,0.254991399,-0.891305994,1,2014/02
133,0.007155349,-0.316908501,-1.380066626,-0.266362939,-0.318623612,0.318940755,0.149843173,0.486354742,-0.058834656,0.16915129,0.035854776,0.323748593,0.200082734,0.066630466,0.219692971,-0.56910492,-0.437716896,0.075752707,0.00136566,-0.927744346,2,2014/03
134,-0.248649304,-0.35395416,-1.279587505,0.180373797,-0.284632534,0.425181327,-0.011147539,0.474044146,-0.194425441,0.19462018,-0.086475753,0.357707113,-0.010338228,0.033823296,0.026890096,-0.632340645,-0.545168546,0.15504408,-0.202954338,-0.923341379,2,2014/04
135,-0.327214764,-0.243323272,-1.375646541,0.255882161,-0.061138081,0.427800334,-0.095066905,0.427686464,-0.302997677,0.135559683,-0.207810207,0.316536836,-0.173196581,0.148047411,-0.03449306,-0.577784333,-0.556623415,0.262461308,-0.403290034,-0.816278413,2,2014/05
136,-0.433483575,-0.099366474,-1.437154207,0.428344379,-0.050430269,0.443501721,0.246213483,0.392500679,-0.256929182,0.293168211,-0.230782199,0.392462723,-0.147298617,0.113544845,-0.062134157,-0.582452997,-0.539005329,0.29235847,-0.421655177,-0.765568372,2,2014/06
137,-0.746936101,-0.080830993,-1.747307233,0.739171119,-0.054725845,0.449562128,0.243910058,0.401293962,-0.162613278,0.383732701,-0.187639677,0.441414107,0.09337814,0.085709993,-0.038664126,-0.580706993,-0.387913118,0.383492309,-0.42775614,-0.6300759,2,2014/07
138,-0.901576831,0.151792464,-1.787959566,0.972819404,-0.097681603,0.462935509,0.016680322,0.366171439,0.037473399,0.438137186,0.552008678,0.235765154,0.529472469,0.021575961,-0.030571012,-0.570319532,-0.200837678,0.449789867,-0.526429875,-0.410522172,2,2014/08
139,-0.816350116,0.352393187,-1.723961712,1.58641343,-0.151843211,0.464061556,-0.159562797,0.393867118,0.272796249,0.335920015,1.41554393,-0.012142167,0.699988153,-0.186502216,-0.122645747,-0.562677599,-0.179359798,0.449511519,-0.650441282,-0.270158601,2,2014/09
140,-0.6856152,0.510216802,-1.438025773,1.892040114,-0.074460592,0.446728034,-0.27193257,0.452345613,0.636239318,0.238738422,1.400291524,-0.430158396,0.774756074,-0.365859886,-0.300445233,-0.484777968,-0.112996265,0.486493916,-0.697568106,-0.257860657,2,2014/10
141,-0.391835165,0.502941784,-1.041214173,2.126422227,0.280578089,0.413060514,-0.1800446,0.455926187,0.576848312,0.004773832,1.454888915,-0.775525658,0.633562364,-0.536070011,-0.329704953,-0.471720892,-0.043893523,0.492807367,-1.011020633,-0.153821568,2,2014/11
142,-0.226486623,0.598807548,-0.649569716,2.311068519,0.280640344,0.369321838,-0.022291134,0.483773692,0.544413602,-0.073353539,1.257914974,-0.809054004,0.473069691,-0.600899913,-0.324973594,-0.424869774,-0.012517143,0.500499908,-0.899646935,-0.009687639,2,2014/12
143,-0.163733863,0.642622136,-0.371415617,2.325340207,0.324654433,0.22289786,0.076258091,0.443577634,0.467964803,-0.112284376,0.775067348,-1.091223498,0.057706184,-0.64447411,-0.290608987,-0.304193034,-0.087160555,0.533952341,-0.352490181,0.134092028,2,2015/01
144,-0.067612572,0.640382696,-0.273426684,2.355477761,0.234634104,0.178286183,0.296079515,0.393512856,0.043885635,-0.144003456,-0.348879407,-1.102167656,-0.306608451,-0.620055353,-0.144932937,-0.307027129,-0.255808597,0.562508369,-0.179422053,0.089303219,2,2015/02
145,-0.029637192,0.640724306,-0.331634849,2.516755429,-0.106770792,0.175477393,0.307970167,0.390767327,0.005349962,-0.126113237,-1.458258557,-0.877375915,-0.40876845,-0.585805832,-0.205070999,-0.250244029,-0.408083648,0.572073437,-0.162800042,0.088151868,2,2015/03
146,0.028757738,0.630627845,-0.081682139,2.480342381,-0.273737957,0.20035163,0.083790912,0.296710829,-0.287184977,-0.081703995,-1.70428922,-0.63501026,-0.396442015,-0.438078677,-0.29658544,-0.179265154,-0.645211885,0.693294221,-0.121089378,0.103827951,2,2015/04
147,0.208238102,0.603412951,0.264889899,2.393358465,-0.330825538,0.300936666,-0.155578495,0.305086589,-0.180418129,-0.081197907,-1.636805101,-0.210275711,-0.161928476,-0.400995061,-0.230346416,-0.069545225,-0.624232044,0.95943337,-0.147174107,0.116087939,2,2015/05
148,0.371843512,0.540670662,0.922922313,2.280323659,-0.349066171,0.398219476,-0.069853742,0.298558051,0.176550449,-0.10427553,-1.318247687,0.083660335,0.051480712,-0.412698352,-0.120280067,-0.090383408,-0.668246132,1.047606593,-0.278407062,0.144770489,2,2015/06
149,0.419655139,0.342625684,1.166338277,2.085669472,0.119711887,0.362021516,-0.118536935,0.245912223,0.204627328,-0.120192005,-0.578723842,0.055559786,0.175492118,-0.393682086,-0.018369087,-0.072164232,-0.471956993,1.124860961,-0.336179444,0.194088788,2,2015/07
150,0.417787497,0.343814991,1.399170939,1.712138399,-0.034866588,0.274050728,0.319549545,0.14850289,0.187320515,-0.132464645,-0.097619348,0.091479398,0.050360127,-0.3799924,0.040835154,-0.098215124,-0.2597929,1.143383791,0.092444319,0.315246311,2,2015/08
151,0.326148546,0.257995079,0.916323313,1.5813652,0.838691674,0.115417372,0.557487094,0.025371623,0.108007999,-0.119610004,0.11354867,0.134054071,-0.286437921,-0.356294818,0.00030733,-0.124417842,-0.284819298,1.20211533,0.003108792,0.155018776,2,2015/09
152,-0.076639507,0.353038449,0.561907179,1.326853427,0.837633344,-0.098037993,0.480415748,-0.103389876,-0.534087206,-0.001387792,0.043698871,0.173592214,-0.600139466,-0.364202447,-0.069106685,-0.116168604,-0.322856933,1.12806197,-0.10515217,0.141430307,2,2015/10
153,-0.429499272,0.396144515,0.174309279,1.243057868,0.697871493,-0.192372839,0.254680125,-0.18589491,-0.956049713,0.184131502,-0.378512655,0.264789314,-0.593851739,-0.109690674,-0.149353022,-0.083146346,-0.434541905,1.48425952,-0.310592753,0.161458749,2,2015/11
154,-0.371789145,0.476068499,0.286865816,1.207290082,0.570685095,-0.312518186,0.080491412,-0.205303394,-0.976905045,0.302923062,-0.817097173,0.430153644,-0.872939659,-0.080008599,-0.21721067,-0.053527533,-0.571128766,1.608074006,-0.579844427,0.315752399,2,2015/12
155,-0.243295398,0.476599892,0.414550252,1.150000894,0.117532972,-0.340757909,-0.09936248,-0.292932571,-0.890682255,0.479560508,-0.655359405,0.589027392,-0.950135515,0.251820803,-0.320242235,-0.014938305,-0.524624488,1.565094463,-0.572871898,0.411023509,2,2016/01
156,0.014750425,0.463201206,0.692455332,1.074328051,0.034236153,-0.347134621,-0.119968793,-0.264844674,-0.703669069,0.591583138,-0.627531544,0.691371085,-0.871134272,0.456558797,-0.389033703,0.000636561,-0.504765232,1.584224598,-0.533589168,0.538216134,2,2016/02
157,0.185515129,0.422170102,0.833026494,0.834644664,-0.005855888,-0.359597044,0.287239345,-0.278863318,-0.488205476,0.675353393,-0.012828417,0.742005213,-0.834715259,0.573288048,-0.34825686,0.148806543,0.002984283,1.562652587,-0.374839626,0.600464987,2,2016/03
158,0.36785921,0.348382438,1.36412153,0.629299364,-0.055410647,-0.371705205,0.316499064,-0.330256578,0.126248633,0.662992188,0.070032619,0.658766351,-0.174317166,0.599554028,-0.249334106,0.248607143,0.269060966,1.516421427,-0.103284528,0.619962036,2,2016/04
159,0.357338162,0.296976525,1.341274047,0.384517138,-0.168091694,-0.343364264,0.32421865,-0.381649839,0.414986035,0.61247193,0.072647317,0.651655811,0.05621207,0.583257987,-0.046010183,0.264295878,0.392387571,1.432157737,-0.025715144,0.611396492,2,2016/05
160,0.318117687,0.327468341,1.933005182,-0.281115411,-0.181600969,-0.245094581,0.155695117,-0.43758524,0.611710957,0.538254091,-0.013077435,0.64545623,0.168083806,0.585383557,0.113922198,0.234563194,0.681872029,1.347894046,-0.200650914,0.632297936,2,2016/06
161,0.159990692,0.321825458,1.939292909,-0.652660087,-0.360583295,-0.179303111,-0.05572192,-0.46609066,0.529721488,0.385326879,-0.520266657,0.620126514,0.362629813,0.538570396,0.263644805,0.198643582,0.658713272,1.09278762,-0.216650377,0.619898775,2,2016/07
162,0.01151318,0.1250457,1.932507144,-0.990486635,-0.546289131,-0.053021444,-0.285317336,-0.421845896,0.516897015,0.291472816,-1.067361156,0.76309644,0.338661745,0.469223656,0.295270204,0.109344313,0.591540427,1.034018124,-0.428503197,0.652313726,2,2016/08
163,0.088460017,0.1250457,1.924102756,-1.287307384,-0.433857103,0.034772212,-0.515410789,-0.261706927,0.563214528,0.133902245,-0.795681549,0.965177472,0.273356542,0.406886237,0.279208485,0.009847366,0.414612506,0.922235885,-0.734609666,0.736476199,2,2016/09
164,0.425569337,0.002015651,1.769213007,-1.521322583,-0.135656983,0.053219128,-0.638114847,-0.123721971,0.583758587,-0.003121145,-0.73927877,0.995998245,0.196409705,0.302239843,0.124318737,-0.020479971,0.399982647,0.749204318,-0.961092346,1.1488875,2,2016/10
165,0.465785888,0.002015651,1.445363942,-1.944640085,0.002112717,0.038884179,-0.63855063,-0.050288568,0.623165826,-0.086182876,-0.013949002,0.963798381,0.219194933,0.205981861,0.080615922,-0.077629985,0.462797661,0.692712219,-0.870138196,1.26526249,1,2016/11
166,0.601625692,-0.295690752,1.016428906,-2.174568622,-0.006291671,0.053383607,-0.417172837,0.055939352,0.675522047,-0.218461688,0.822567701,0.709438435,0.577159586,0.114569674,0.184954836,-0.095861813,0.552444461,0.457393843,-0.502648571,1.453957487,1,2016/12
167,0.593470323,-0.423705771,0.824061814,-2.152275435,-0.108202651,-0.003665189,-0.130925625,0.116429548,0.712750371,-0.353081158,1.44480365,0.356758198,0.714306739,-0.031803695,0.177546524,-0.144914415,0.696439634,0.37128293,0.177795543,1.505553183,1,2017/01
168,0.441506546,-0.480273783,0.946516853,-2.577604638,-0.186830365,-0.042178504,0.054157665,0.086532386,0.604302645,-0.590398582,1.533329865,-0.079818816,0.706400389,-0.143788369,0.1818421,-0.190512965,0.767285508,0.185206939,1.077376279,1.133502418,1,2017/02
169,0.03168371,-0.464395265,0.807315294,-2.724699183,-0.275605599,-0.0372821,0.161360296,0.027598411,0.819330456,-0.784331593,1.983120233,-0.419530543,0.840932844,-0.367656499,0.110249169,-0.262858278,0.681124972,0.10829418,2.065669995,0.632209371,1,2017/03
170,-0.082366941,-0.470316497,0.514904864,-2.864240361,-0.273177665,0.263144527,0.326273056,-0.055222928,0.879281753,-0.99424434,1.836074579,-0.776436617,0.763736989,-0.546229732,0.046873862,-0.251888816,0.559479245,-0.132059774,2.507367249,0.191684869,1,2017/04
171,-0.283947732,-0.410446259,0.022843539,-2.932157402,-0.197787196,0.239396337,0.343081831,-0.103668224,0.799906982,-1.173209792,1.207737668,-1.075307023,0.462050605,-0.609490761,-0.038601872,-0.245942279,0.360886681,-0.143889587,2.472566859,-0.2526606,1,2017/05
172,-0.310779517,-0.334646894,0.0216607,-2.932423099,-0.098677678,0.312741174,0.334117151,-0.208795403,0.798599633,-1.298491934,0.771954612,-1.270391385,0.291472666,-0.696689764,-0.062320921,-0.242779227,0.291223647,-0.205316046,2.194848543,-0.658644581,1,2017/06
173,-0.282329109,-0.320678859,-0.058834656,-2.936155499,-0.114365868,0.280503353,0.335175481,-0.264768761,0.389897382,-1.327857703,0.31170545,-1.403441981,-0.06692777,-0.684202036,-0.048251353,-0.225901185,0.242913982,-0.238882348,1.671348584,-1.120842312,3,2017/07
174,-0.243108634,-0.297550626,0.133843709,-2.942443646,0.168457335,0.230286748,0.32409414,-0.289794824,0.072211534,-1.360905265,-0.412877262,-1.314294539,-0.271061004,-0.686340259,-0.06574493,-0.223484613,0.21770082,-0.318527984,0.882332235,-1.205941048,3,2017/08
175,-0.120280067,-0.215931247,0.046064551,-2.940191553,0.386037589,0.118985294,0.21321848,-0.374324211,-0.051177325,-1.3920803,-1.062816562,-0.9730772,-0.381812155,-0.571736579,-0.020049964,-0.223674397,0.208051338,-0.409370821,0.130046171,-1.298555195,3,2017/09
176,-0.210611669,-0.195384064,0.120334434,-2.91471001,0.720407702,-0.071481013,0.17393575,-0.392366257,-0.081495375,-1.384982413,-1.164229504,-0.765252067,-0.286437921,-0.535538618,-0.003178935,-0.220258301,-0.061947392,-0.363392706,-0.002929916,-1.300199982,3,2017/10
177,-0.151843211,-0.177822803,-0.395943977,-2.844085398,0.794553076,-0.188425351,-0.020423493,-0.419948066,0.031496946,-1.392978607,-1.341530953,-0.406334292,-0.124326624,-0.449946446,-0.059394949,-0.224281702,-0.330140736,-0.278901275,-0.23395719,-1.264647283,3,2017/11
178,-0.080810573,-0.219119602,-0.673039746,-2.720359477,0.765791394,-0.374678473,0.286430033,-0.50836168,0.098171753,-1.38422328,-0.813486399,-0.417455581,0.153453947,-0.472834286,-0.083736545,-0.210364276,-0.436907584,-0.153796264,-0.269940419,-1.253601907,3,2017/12
179,0.206557225,-0.223421352,-1.057898439,-2.483080009,0.719536136,-0.510057075,0.402721854,-0.603202615,0.133843709,-1.391030167,-0.508500515,-0.238945609,0.214899357,-0.530907911,-0.166099543,-0.148975773,-0.661896151,-0.027324814,-0.644215809,-1.180851724,3,2018/01
180,0.400605194,-0.261403274,-1.18209661,-2.299901373,0.658588763,-0.661782328,0.571681171,-0.640273578,0.002859773,-1.324821174,-0.1352212,-0.174381403,0.135275568,-0.586324572,-0.28208009,-0.097784949,-0.652059904,0.067617338,-0.711015126,-1.011501949,3,2018/02
181,0.503200976,-0.404740114,-1.444064481,-1.866095192,0.443374188,-0.721095869,0.536382743,-0.837938989,-0.789331567,-1.24254388,0.05751942,-0.21233802,-0.2696914,-0.519242577,-0.41088511,-0.00200775,-0.559922916,0.236119415,-0.746624828,-0.887345853,3,2018/03
182,0.700050408,-0.460991821,-1.720226429,-1.617390782,-0.065060128,-0.66758969,0.26464088,-0.893899696,-1.252444446,-0.930413962,0.234260576,-0.20545522,-0.510928449,-0.404006286,-0.373283258,0.028522022,-0.406340516,0.250947801,-0.948330128,-0.652736001,3,2018/04
183,0.542359196,-0.608174932,-1.754155252,-1.322682951,-0.377578834,-0.643221542,0.08758845,-0.915648838,-1.435660093,-0.630354248,0.590419842,-0.298410976,-0.490197627,-0.348589625,-0.330825538,-0.001564923,-0.211607745,0.334642142,-1.151093758,-0.491951769,3,2018/05
184,0.381928777,-0.726561622,-1.789142406,-0.867102324,-0.549028339,-0.578872423,-0.069044431,-0.887978464,-1.361701483,-0.460131471,0.9596526,-0.736442994,-0.359089182,-0.245334973,-0.25624438,0.217862282,-0.193989658,0.350381486,-1.352861313,-0.290389478,0,2018/06
185,-0.005046576,-0.718021383,-1.715930853,-0.432486402,-0.53651514,-0.406081248,-0.197164649,-0.849275366,-1.327274622,-0.056943628,1.144984908,-0.892356127,-0.217272924,-0.197851244,-0.26875758,0.273822989,-0.390092033,0.475764846,-1.664072669,0.103296559,0,2018/07
186,-0.362015154,-0.618967263,-1.62018309,-0.171104481,-0.485653032,-0.321918775,-0.204635216,-0.798147802,-1.463550209,0.124071481,0.982873611,-0.989145501,-0.141508927,-0.182516771,-0.162986807,0.275708167,-0.589431654,0.529890982,-1.482102116,0.358618072,0,2018/08
187,-0.722719014,-0.49826522,-1.496420702,0.276214256,-0.412815007,-0.262617886,-0.230284161,-0.746071323,-1.167404495,0.310337255,0.356528851,-1.153889873,0.003295557,-0.158199231,0.019544039,0.233639583,-0.626784487,0.539898877,-1.618937995,0.620986864,0,2018/09
188,-0.954119817,-0.272663738,-1.222811198,0.379570125,-0.091269367,-0.189311006,-0.092514461,-0.662161894,-0.889935198,0.638952997,-0.487894202,-1.140377318,0.049986598,-0.149178209,0.29956578,0.207689909,-0.689412738,0.845044777,-1.082675818,0.865060567,0,2018/10
189,-1.087593941,-0.122355532,-0.690533323,0.513303941,0.116225623,-0.172521528,-0.152154485,-0.597635644,-0.798918794,0.708122606,-1.31868347,-0.889787729,0.104957518,-0.232999072,0.400729703,0.114810066,-0.562101831,0.95449901,-0.522756846,0.922248537,0,2018/11
190,-1.358713257,0.186282377,-0.033746003,0.540911054,0.19528912,-0.266299678,-0.161243674,-0.554061447,-0.66874417,0.810896474,-1.830790815,-0.55103757,-0.360458785,-0.075909285,0.520632298,-0.014267738,-0.382496957,1.023668619,-0.238750804,1.054982829,2,2018/12
191,-1.104464971,0.334793969,0.361820502,0.482571733,0.229965,-0.296943321,-0.082491451,-0.545002468,-0.631204572,1.017557604,-1.791508086,-0.172445615,-0.551331764,-0.118281522,0.484151031,-0.049099261,-0.181787733,1.032423946,0.069223307,1.068406819,2,2019/01
192,-0.513543147,0.434392133,0.648254479,0.391906026,0.20531213,-0.331989931,-0.086226734,-0.541434546,-0.374154824,1.044987586,-1.553010245,0.228414222,-0.763682621,0.086355255,0.446113396,-0.141308537,-0.18346861,1.012901592,0.17406026,1.100796466,2,2019/02
193,-0.209117556,0.475233453,0.548273395,0.225175257,0.199584696,-0.332913542,0.039216531,-0.590069625,-0.147485381,1.061131801,-0.946088958,0.454724228,-0.567580246,0.277884347,0.480851531,-0.25965727,0.385290532,0.977260328,0.094374215,1.03072855,2,2019/03
194,0.52922345,0.424637282,0.653110347,0.159839266,0.058764514,-0.388304899,0.406892921,-0.614792035,0.334677443,1.018392649,-0.724960184,0.514138986,0.043076324,0.24486209,0.393508156,-0.353055853,0.34887152,0.815729617,-0.080001262,1.079186498,2,2019/04
195,0.635803534,0.288562809,0.199211167,0.104789519,0.015310718,-0.379524268,0.361945011,-0.82951262,0.258477663,0.907394848,-0.33256867,0.559965276,0.153080418,0.242091257,0.449226132,-0.456373766,0.412620355,0.703124985,-0.207747952,1.131718457,2,2019/05
196,1.275719824,0.16743059,0.136582917,0.067579382,-0.22262683,-0.32504387,0.461303548,-0.907526122,0.251629644,0.907394848,0.014314642,0.605272825,0.057768438,0.218988329,0.516212213,-0.549987437,0.256111984,0.64946698,-0.24858705,1.17051012,2,2019/06
197,1.284559995,-0.099315866,0.022407756,-0.053654055,-0.205444527,-0.267501638,0.539993517,-0.963689263,0.366365097,0.822814852,0.322288753,0.535571823,-0.147796654,0.222872556,0.614014382,-0.643234194,0.279021721,0.563874807,-0.224556727,1.257392818,2,2019/07
198,0.457630519,-0.10903276,-0.129057983,0.032684598,-0.127128087,-0.239945133,0.487326022,-1.048383129,0.455638368,0.774205077,0.71524056,0.431039298,-0.304242771,0.281869792,0.671849019,-0.813697363,-0.131299153,0.630906194,0.032493021,1.242146909,2,2019/08
199,0.290787864,-0.298297107,0.040337116,0.079598977,-0.167967184,-0.223952745,0.225669424,-1.105166229,0.516025449,0.606474784,0.541425376,0.318928103,-0.47046288,0.336046537,0.649997611,-0.883904453,-0.35840438,0.689802212,0.269683513,1.231291317,2,2019/09
200,0.071838006,-0.260783316,0.275099674,0.021297613,-0.358777908,-0.171547309,-0.327090254,-0.927238258,0.462673152,0.481546904,0.406021355,0.292953124,-0.469529059,0.477460242,0.639912346,-0.888269464,-0.514788242,0.993948588,0.27927074,1.049795424,2,2019/10
201,-0.052111146,-0.263946368,0.38012339,-0.013609823,-0.578412568,-0.028197817,-1.159249126,-0.907348991,0.467840294,0.494781111,0.195787158,0.143011833,-0.081993413,0.475764846,0.621422694,-0.923973989,-0.779806594,0.991253668,0.159990692,1.067268121,2,2019/11
202,-0.397126817,-0.221561478,0.24789436,-0.09773434,-1.125507067,0.144150531,-1.703230889,-0.346109792,0.264827645,0.404406405,-0.391337128,0.202578418,0.165033325,0.450270651,-0.098988952,-0.916370013,-1.21440681,1.139562825,-0.39743809,1.002577392,2,2019/12
203,-0.622364402,-0.161033326,0.011077397,-0.020872189,-1.510739288,0.415350563,-3.387719164,-0.202772953,0.079619846,0.401534354,-1.222001887,0.462189029,0.322973555,0.408606937,-0.400364062,-0.881702969,-1.741455289,1.552265127,-0.769036528,1.299499358,0,2020/01
204,-1.435784603,0.443539678,-0.187577422,-0.008814637,-1.332753037,0.730188053,-3.647632629,0.945591857,0.039403295,0.37690051,-2.028387304,0.392576593,0.364684219,0.333743836,-1.910539114,-0.658771103,-2.008777066,1.849440137,-2.028013775,1.757319426,4,2020/02
205,-1.74463028,0.496653638,-0.658098612,0.07634736,-0.690657832,0.90878659,-3.457631217,1.636452904,0.052539042,0.35396206,-2.792688529,0.990203535,0.31077163,0.265548446,-2.167837881,-0.14299128,-2.085474884,2.466197214,-2.24546952,2.029936505,4,2020/03
206,-1.813670767,0.78827433,-0.933077721,0.194076135,-0.364443088,0.847980089,-2.588742058,2.225716738,0.091884026,0.376647465,-2.507624155,1.235314718,-0.107144321,0.211561484,-2.307537478,0.333149182,-1.971548742,2.719431114,-2.020480954,2.288496984,4,2020/04
207,-1.182158864,1.255014203,-0.97248496,0.317346577,0.697933747,0.904396275,-1.040965154,2.312700653,0.113361905,0.31277913,-1.840315788,2.276059865,-0.581836578,0.220557202,-1.965634544,0.810149994,-3.055527966,2.661370141,-1.553197009,2.60314469,4,2020/05
208,-0.330140736,1.200837457,-1.092138536,0.650529765,0.83402257,0.543061929,0.995200046,2.224995563,0.203008705,0.273873598,0.069534581,2.351315185,-0.697568106,0.492782063,-1.784286538,0.962963336,-0.086849281,2.563657156,-0.410573837,2.885643142,2,2020/06
209,0.806256964,1.124860961,-0.914027776,0.791614512,0.565891481,0.403837056,1.350985784,2.031809032,0.23102333,0.23184297,1.344386783,2.134506986,-0.439522283,0.527259324,-1.365436767,1.105996523,1.378813644,2.420295012,0.378193494,2.773569903,5,2020/07
210,1.5232446,1.124860961,-0.757519404,0.862998257,0.319798564,0.369865883,1.555368037,1.82857665,0.102716348,0.224998126,3.259591058,1.171914515,0.119836397,0.550577339,-0.41443363,1.113069106,2.0802376,2.036085477,1.125685944,2.379630822,5,2020/08
211,1.813911898,0.683058586,-0.280648232,0.826104425,0.192487657,0.338880631,1.533890157,1.516231644,0.243785549,0.105207042,3.783091017,0.575223836,0.524367582,0.473259709,0.063495873,1.114245761,2.655097705,1.579593891,1.30348543,2.248857623,5,2020/09
212,1.779609546,0.32183811,0.449661915,0.72965666,-0.026026418,0.23035001,1.223114584,1.242728911,0.654853479,-0.035245095,2.691703482,-0.117206085,0.66923432,0.387996494,0.051418457,1.073480354,2.875479422,0.936798574,2.006590263,1.866963442,5,2020/10
213,1.695254397,-0.098354298,0.328887754,0.664168843,0.145485342,0.211371701,1.134650624,0.866730658,0.600318343,-0.159527713,2.491367785,-0.994965516,0.588116417,0.182600585,0.231894897,1.066584901,2.839931975,0.095806453,1.917379246,1.868798012,1,2020/11
214,1.396307221,-0.342934089,0.056959127,0.535419996,0.15388973,0.137925646,1.075944421,0.652326378,0.667553443,-0.261453883,2.225540121,-1.422685986,0.673903424,0.077283623,0.367921465,1.014445161,2.528658364,-0.079426598,1.687846086,1.11848425,1,2020/12
215,0.941785494,-0.602279004,-0.22169301,0.663789277,0.38473024,0.066655771,1.156003993,0.417045959,0.733543448,-0.428374435,1.847529448,-1.587961751,0.793183472,-0.0200751,0.829415721,0.905939844,2.218816611,-0.636465264,1.774691423,0.668609767,1,2021/01
216,0.838816184,-0.795161882,-0.260353192,0.686499986,0.802459426,-0.138828704,1.297571232,0.318637102,0.569938038,-0.583452521,0.019793058,-1.658940626,1.039712172,-0.308684568,0.659833857,0.544377758,2.07787192,-1.178004978,2.085965034,0.346155649,1,2021/02
217,0.380683683,-0.987956194,-0.066056204,0.691459651,0.823252503,-0.266666592,1.650493252,-0.29298318,0.395998344,-0.66535025,-1.277097316,-1.479241346,1.07843461,-0.602709179,1.285742835,0.497197683,1.70359653,-1.479848652,2.006341244,0.04336306,3,2021/03
218,-0.025217106,-0.950518317,-0.46585603,0.87953469,0.743504204,-0.365062797,1.701604379,-0.393264563,0.073394374,-0.689908181,-1.717549476,-1.035743575,1.044443531,-0.729218585,1.429862517,-0.170788176,1.827047644,-1.873825689,1.801523208,-0.272904129,3,2021/04
219,-0.484470192,-0.945381521,-0.638301611,1.013648072,0.499341183,-0.46695101,1.619863929,-0.875085866,-0.047130768,-0.683506165,-1.723401419,-0.419707674,1.057205749,-0.945305608,0.871126385,-0.533931788,2.036597039,-2.300470722,1.932880672,-0.777069227,3,2021/05
220,-0.31793881,-0.967383707,-0.693895078,1.010409108,0.105082027,-0.560552029,1.707145049,-1.368458632,-0.050243505,-0.683506165,-1.513603005,-0.332141757,0.790008481,-0.912827396,0.715053796,-0.953352411,1.996816272,-2.764806676,2.062059221,-0.932299141,3,2021/06
